{"cameraMode":{"drawMode":0,"name":"Shaded","section":"Shading Mode"},"sceneLighting":false,"audioPlay":false,"sceneViewState":{"m_AlwaysRefresh":false,"showFog":true,"showSkybox":false,"showFlares":true,"showImageEffects":true,"showParticleSystems":true,"showVisualEffectGraphs":true,"m_FxEnabled":true},"in2DMode":false,"pivot":{"x":1.3899998664855958,"y":-0.10408365726470947,"z":8.582058906555176},"rotation":{"x":-0.016315585002303125,"y":-0.9662732481956482,"z":0.24910873174667359,"w":-0.06327717006206513},"size":0.3573784828186035,"orthographic":false}